Domain,Page,Visible words,FAQs,Audit result,File
"Engineering","Earthing and Grounding Fundamentals","2047","14","Baseline content depth achieved","engineering/electrical-engineering/industrial-power-distribution/earthing/earthing-and-grounding-fundamentals/index.html"
"Engineering","Wind Load: Structural Engineering Fundamentals","2051","14","Baseline content depth achieved","engineering/structural-and-industrial-civil-engineering/structural-loads/environmental-loads/wind-load-structural-engineering-fundamentals/index.html"
"Engineering","Bolted and Welded Steel Connections","2053","14","Baseline content depth achieved","engineering/structural-and-industrial-civil-engineering/steel-structures/connections/bolted-and-welded-steel-connections/index.html"
"Engineering","Industrial Flow Measurement Methods","2054","14","Baseline content depth achieved","engineering/instrumentation-and-control-engineering/process-measurement/flow-measurement/industrial-flow-measurement-methods/index.html"
"Engineering","Live Load in Industrial Structures","2055","14","Baseline content depth achieved","engineering/structural-and-industrial-civil-engineering/structural-loads/permanent-and-imposed-loads/live-load-in-industrial-structures/index.html"
"Engineering","Seismic Load: Structural Engineering Fundamentals","2055","14","Baseline content depth achieved","engineering/structural-and-industrial-civil-engineering/structural-loads/environmental-loads/seismic-load-structural-engineering-fundamentals/index.html"
"Engineering","Dead Load in Industrial Structures","2059","14","Baseline content depth achieved","engineering/structural-and-industrial-civil-engineering/structural-loads/permanent-and-imposed-loads/dead-load-in-industrial-structures/index.html"
"Engineering","PID Control Loop Fundamentals","2061","14","Baseline content depth achieved","engineering/instrumentation-and-control-engineering/automation-and-control/control-loops/pid-control-loop-fundamentals/index.html"
"Engineering","Steel Beams: Function and Design Basics","2063","14","Baseline content depth achieved","engineering/structural-and-industrial-civil-engineering/steel-structures/structural-members/steel-beams-function-and-design-basics/index.html"
"Engineering","Steel Columns: Function and Design Basics","2065","14","Baseline content depth achieved","engineering/structural-and-industrial-civil-engineering/steel-structures/structural-members/steel-columns-function-and-design-basics/index.html"
"Engineering","Reinforced Concrete Fundamentals for Industrial Facilities","2069","14","Baseline content depth achieved","engineering/structural-and-industrial-civil-engineering/industrial-civil-works/concrete-works/reinforced-concrete-fundamentals-for-industrial-facilities/index.html"
"Engineering","Equipment Foundations: Types and Design Inputs","2072","14","Baseline content depth achieved","engineering/structural-and-industrial-civil-engineering/industrial-civil-works/foundations/equipment-foundations-types-and-design-inputs/index.html"
"Engineering","Industrial Plant Drainage and Grading Basics","2074","14","Baseline content depth achieved","engineering/structural-and-industrial-civil-engineering/industrial-civil-works/drainage/industrial-plant-drainage-and-grading-basics/index.html"
"Engineering","Equipment Load and Dust Accumulation Load","2076","14","Baseline content depth achieved","engineering/structural-and-industrial-civil-engineering/structural-loads/process-and-material-loads/equipment-load-and-dust-accumulation-load/index.html"
"Engineering","Switchgear, Circuit Breakers and Protective Relays","2079","14","Baseline content depth achieved","engineering/electrical-engineering/industrial-power-distribution/switchgear-and-protection/switchgear-circuit-breakers-and-protective-relays/index.html"
"Engineering","Pipe Racks, Platforms, Walkways and Equipment Supports","2082","14","Baseline content depth achieved","engineering/structural-and-industrial-civil-engineering/steel-structures/industrial-steelwork/pipe-racks-platforms-walkways-and-equipment-supports/index.html"
"Engineering","PLC, DCS, SCADA, Alarms and Interlocks","2085","14","Baseline content depth achieved","engineering/instrumentation-and-control-engineering/automation-and-control/plant-automation/plc-dcs-scada-alarms-and-interlocks/index.html"
"Engineering","Control Valves: Types, Components and Applications","2090","14","Baseline content depth achieved","engineering/instrumentation-and-control-engineering/final-control-elements/control-valves/control-valves-types-components-and-applications/index.html"
"Engineering","Level Measurement Methods for Tanks and Silos","2093","14","Baseline content depth achieved","engineering/instrumentation-and-control-engineering/process-measurement/level-measurement/level-measurement-methods-for-tanks-and-silos/index.html"
"Engineering","PTFE, Rubber, FRP and Protective Linings","2262","14","Baseline content depth achieved","engineering/materials-of-construction/non-metallic-materials/polymers-and-linings/ptfe-rubber-frp-and-protective-linings/index.html"
"Engineering","Stainless Steel: Grades, Properties and Applications","2264","14","Baseline content depth achieved","engineering/materials-of-construction/metallic-materials/stainless-steels/stainless-steel-grades-properties-and-applications/index.html"
"Engineering","Aluminium, Copper and Nickel Alloys: Industrial Uses","2273","14","Baseline content depth achieved","engineering/materials-of-construction/metallic-materials/non-ferrous-metals/aluminium-copper-and-nickel-alloys-industrial-uses/index.html"
"Engineering","Refractory and Insulation Materials: Types and Applications","2276","14","Baseline content depth achieved","engineering/materials-of-construction/non-metallic-materials/refractories-and-insulation/refractory-and-insulation-materials-types-and-applications/index.html"
"Engineering","Material Selection for Temperature, Corrosion and Abrasion","2277","14","Baseline content depth achieved","engineering/materials-of-construction/material-selection/service-conditions/material-selection-for-temperature-corrosion-and-abrasion/index.html"
"Engineering","Carbon Steel and Alloy Steel: Properties and Applications","2294","14","Baseline content depth achieved","engineering/materials-of-construction/metallic-materials/carbon-and-alloy-steels/carbon-steel-and-alloy-steel-properties-and-applications/index.html"
"Engineering","Three-Phase Electrical System Fundamentals","2317","14","Baseline content depth achieved","engineering/electrical-engineering/electrical-fundamentals/three-phase-power/three-phase-electrical-system-fundamentals/index.html"
"Engineering","Transformers and Generators: Working Principles","2324","14","Baseline content depth achieved","engineering/electrical-engineering/electrical-machines/transformers-and-generators/transformers-and-generators-working-principles/index.html"
"Engineering","Capture Velocity and Airflow Estimation","2334","8","Baseline content depth achieved","engineering/air-pollution-control-and-environmental-engineering/particulate-collection/industrial-ventilation/capture-velocity-and-airflow-estimation/index.html"
"Engineering","Catalytic Oxidizers: Selection and Operation","2336","8","Baseline content depth achieved","engineering/air-pollution-control-and-environmental-engineering/gas-treatment/voc-control/catalytic-oxidizers-selection-and-operation/index.html"
"Engineering","Thermal Oxidizers: VOC Control Principles","2346","8","Baseline content depth achieved","engineering/air-pollution-control-and-environmental-engineering/gas-treatment/voc-control/thermal-oxidizers-voc-control-principles/index.html"
"Engineering","Industrial Motors: Types, Starting and Applications","2347","14","Baseline content depth achieved","engineering/electrical-engineering/electrical-machines/motors/industrial-motors-types-starting-and-applications/index.html"
"Engineering","Power Cables: Construction and Selection Inputs","2350","14","Baseline content depth achieved","engineering/electrical-engineering/industrial-power-distribution/cables/power-cables-construction-and-selection-inputs/index.html"
"Engineering","Silo and Bunker Design Fundamentals","2351","14","Baseline content depth achieved","engineering/material-handling-and-bulk-solids/storage-systems/silos-and-bunkers/silo-and-bunker-design-fundamentals/index.html"
"Engineering","Activated-Carbon Adsorption Systems for VOC Control","2357","8","Baseline content depth achieved","engineering/air-pollution-control-and-environmental-engineering/gas-treatment/voc-control/activated-carbon-adsorption-systems-for-voc-control/index.html"
"Engineering","Voltage, Current, Power and Power Factor","2370","14","Baseline content depth achieved","engineering/electrical-engineering/electrical-fundamentals/ac-and-dc-systems/voltage-current-power-and-power-factor/index.html"
"Engineering","Belt, Screw, Apron and Vibratory Feeders","2372","14","Baseline content depth achieved","engineering/material-handling-and-bulk-solids/feeding-and-discharge/feeders/belt-screw-apron-and-vibratory-feeders/index.html"
"Engineering","Hopper Design, Valley Angle and Material Flow","2382","14","Baseline content depth achieved","engineering/material-handling-and-bulk-solids/storage-systems/hoppers/hopper-design-valley-angle-and-material-flow/index.html"
"Engineering","Belt, Screw, Chain and Bucket Elevator Conveying Basics","2393","14","Baseline content depth achieved","engineering/material-handling-and-bulk-solids/conveying-principles/mechanical-conveying/belt-screw-chain-and-bucket-elevator-conveying-basics/index.html"
"Engineering","Dust-Collection System Balancing and Air Leakage","2395","8","Baseline content depth achieved","engineering/air-pollution-control-and-environmental-engineering/particulate-collection/industrial-ventilation/dust-collection-system-balancing-and-air-leakage/index.html"
"Engineering","Packed-Bed Scrubbers: Gas Absorption and Operation","2399","8","Baseline content depth achieved","engineering/air-pollution-control-and-environmental-engineering/gas-treatment/wet-scrubbers/packed-bed-scrubbers-gas-absorption-and-operation/index.html"
"Engineering","Local Exhaust Hoods and Enclosures","2400","8","Baseline content depth achieved","engineering/air-pollution-control-and-environmental-engineering/particulate-collection/industrial-ventilation/local-exhaust-hoods-and-enclosures/index.html"
"Engineering","Segregation, Bridging and Ratholing in Bulk Solids","2400","14","Baseline content depth achieved","engineering/material-handling-and-bulk-solids/bulk-material-properties/storage-behaviour/segregation-bridging-and-ratholing-in-bulk-solids/index.html"
"Engineering","Industrial Ventilation System Design Principles","2413","8","Baseline content depth achieved","engineering/air-pollution-control-and-environmental-engineering/particulate-collection/industrial-ventilation/industrial-ventilation-system-design-principles/index.html"
"Engineering","Wet Scrubbers: Working Principle and Applications","2415","8","Baseline content depth achieved","engineering/air-pollution-control-and-environmental-engineering/gas-treatment/wet-scrubbers/wet-scrubbers-working-principle-and-applications/index.html"
"Engineering","Gates, Airlocks, Double Flap Valves and Rotary Air Valves","2416","14","Baseline content depth achieved","engineering/material-handling-and-bulk-solids/feeding-and-discharge/flow-control/gates-airlocks-double-flap-valves-and-rotary-air-valves/index.html"
"Engineering","Mechanical Couplings: Types, Alignment and Selection","2419","8","Baseline content depth achieved","engineering/mechanical-engineering-and-fabrication/rotating-equipment/bearings-and-shafts/mechanical-couplings-types-alignment-and-selection/index.html"
"Engineering","Venturi Scrubbers: Collection Mechanism and Pressure Drop","2423","8","Baseline content depth achieved","engineering/air-pollution-control-and-environmental-engineering/gas-treatment/wet-scrubbers/venturi-scrubbers-collection-mechanism-and-pressure-drop/index.html"
"Engineering","Mechanical Vibration and Vibration Isolation","2427","8","Baseline content depth achieved","engineering/mechanical-engineering-and-fabrication/rotating-equipment/vibration/mechanical-vibration-and-vibration-isolation/index.html"
"Engineering","Duct Sizing and Transport Velocity for Dust Collection","2441","8","Baseline content depth achieved","engineering/air-pollution-control-and-environmental-engineering/particulate-collection/industrial-ventilation/duct-sizing-and-transport-velocity-for-dust-collection/index.html"
"Engineering","Clarification, Filtration and Softening","2454","14","Baseline content depth achieved","engineering/water-and-wastewater-engineering/industrial-water-treatment/pretreatment/clarification-filtration-and-softening/index.html"
"Engineering","Journal Bearings and Hydrodynamic Lubrication","2455","8","Baseline content depth achieved","engineering/mechanical-engineering-and-fabrication/rotating-equipment/bearings-and-shafts/journal-bearings-and-hydrodynamic-lubrication/index.html"
"Engineering","Torsion of Circular Shafts","2456","8","Baseline content depth achieved","engineering/mechanical-engineering-and-fabrication/mechanics-of-materials/strength-and-serviceability/torsion-of-circular-shafts/index.html"
"Engineering","Heat-Recovery Steam Generators: Components and Operating Principles","2465","8","Baseline content depth achieved","engineering/thermal-engineering-and-boilers/boilers-and-combustion/steam-systems/heat-recovery-steam-generators-components-and-operating-principles/index.html"
"Engineering","STP: Process Stages and Equipment","2467","14","Baseline content depth achieved","engineering/water-and-wastewater-engineering/wastewater-treatment/sewage-treatment/stp-process-stages-and-equipment/index.html"
"Engineering","ETP: Process Stages and Equipment","2471","14","Baseline content depth achieved","engineering/water-and-wastewater-engineering/wastewater-treatment/effluent-treatment/etp-process-stages-and-equipment/index.html"
"Engineering","Welded Joint Design and Inspection Basics","2471","8","Baseline content depth achieved","engineering/mechanical-engineering-and-fabrication/fabrication/welding/welded-joint-design-and-inspection-basics/index.html"
"Engineering","Shaft Design: Bending, Torsion and Critical Speed","2474","8","Baseline content depth achieved","engineering/mechanical-engineering-and-fabrication/rotating-equipment/bearings-and-shafts/shaft-design-bending-torsion-and-critical-speed/index.html"
"Engineering","Industrial Gearboxes: Selection, Lubrication and Reliability","2477","8","Baseline content depth achieved","engineering/mechanical-engineering-and-fabrication/rotating-equipment/bearings-and-shafts/industrial-gearboxes-selection-lubrication-and-reliability/index.html"
"Engineering","Beam Deflection and Serviceability","2478","8","Baseline content depth achieved","engineering/mechanical-engineering-and-fabrication/mechanics-of-materials/strength-and-serviceability/beam-deflection-and-serviceability/index.html"
"Engineering","Rolling-Element Bearings: Selection and Failure Modes","2479","8","Baseline content depth achieved","engineering/mechanical-engineering-and-fabrication/rotating-equipment/bearings-and-shafts/rolling-element-bearings-selection-and-failure-modes/index.html"
"Engineering","Plate Development and Bending Allowance","2482","8","Baseline content depth achieved","engineering/mechanical-engineering-and-fabrication/fabrication/plate-work/plate-development-and-bending-allowance/index.html"
"Engineering","Cooling Water Treatment and Blowdown Basics","2484","14","Baseline content depth achieved","engineering/water-and-wastewater-engineering/plant-water-systems/cooling-water/cooling-water-treatment-and-blowdown-basics/index.html"
"Engineering","Steam Condensers: Working Principle and Performance Factors","2485","8","Baseline content depth achieved","engineering/thermal-engineering-and-boilers/boilers-and-combustion/steam-systems/steam-condensers-working-principle-and-performance-factors/index.html"
"Engineering","Critical Speed of Rotating Shafts","2488","8","Baseline content depth achieved","engineering/mechanical-engineering-and-fabrication/rotating-equipment/vibration/critical-speed-of-rotating-shafts/index.html"
"Engineering","Column Buckling and Effective Length","2492","8","Baseline content depth achieved","engineering/mechanical-engineering-and-fabrication/mechanics-of-materials/strength-and-serviceability/column-buckling-and-effective-length/index.html"
"Engineering","Welding Distortion and Residual Stress Control","2495","8","Baseline content depth achieved","engineering/mechanical-engineering-and-fabrication/fabrication/welding/welding-distortion-and-residual-stress-control/index.html"
"Engineering","RO and DM Water Systems: Working Principles","2501","14","Baseline content depth achieved","engineering/water-and-wastewater-engineering/industrial-water-treatment/demineralization-and-ro/ro-and-dm-water-systems-working-principles/index.html"
"Engineering","Bolted Joints: Preload, Torque and Failure Prevention","2503","8","Baseline content depth achieved","engineering/mechanical-engineering-and-fabrication/fabrication/plate-work/bolted-joints-preload-torque-and-failure-prevention/index.html"
"Engineering","Mechanical Seals for Pumps: Components, Selection and Failure Modes","2522","8","Baseline content depth achieved","engineering/mechanical-engineering-and-fabrication/rotating-equipment/bearings-and-shafts/mechanical-seals-for-pumps-components-selection-and-failure-modes/index.html"
"Engineering","Boiler Blowdown and Heat Recovery","2523","8","Baseline content depth achieved","engineering/thermal-engineering-and-boilers/boilers-and-combustion/steam-systems/boiler-blowdown-and-heat-recovery/index.html"
"Engineering","Gas Turbine Inlet-Air Filtration and Performance","2532","8","Baseline content depth achieved","engineering/thermal-engineering-and-boilers/boilers-and-combustion/combustion/gas-turbine-inlet-air-filtration-and-performance/index.html"
"Engineering","Gas Turbine Working Principle and the Brayton Cycle","2536","8","Baseline content depth achieved","engineering/thermal-engineering-and-boilers/boilers-and-combustion/combustion/gas-turbine-working-principle-and-brayton-cycle/index.html"
"Engineering","Particulate Matter, Dust and Fly Ash","2557","14","Baseline content depth achieved","engineering/air-pollution-control-and-environmental-engineering/air-pollutants/particulate-pollution/particulate-matter-dust-and-fly-ash/index.html"
"Engineering","SCR and SNCR: NOx Control Fundamentals","2577","14","Baseline content depth achieved","engineering/air-pollution-control-and-environmental-engineering/gas-treatment/denox/scr-and-sncr-nox-control-fundamentals/index.html"
"Engineering","Cyclone Separator: Working Principle and Applications","2582","14","Baseline content depth achieved","engineering/air-pollution-control-and-environmental-engineering/particulate-collection/mechanical-collectors/cyclone-separator-working-principle-and-applications/index.html"
"Engineering","Continuous Emission Monitoring System: Basics and Components","2589","14","Baseline content depth achieved","engineering/air-pollution-control-and-environmental-engineering/emission-monitoring/cems/continuous-emission-monitoring-system-basics-and-components/index.html"
"Engineering","Fatigue Design: S-N Curves, Mean Stress and Endurance","2589","8","Baseline content depth achieved","engineering/mechanical-engineering-and-fabrication/mechanics-of-materials/strength-and-serviceability/fatigue-design-s-n-curves-mean-stress-and-endurance/index.html"
"Engineering","Boiler Combustion-Air Systems, Draft and Fans","2593","8","Baseline content depth achieved","engineering/thermal-engineering-and-boilers/boilers-and-combustion/combustion/boiler-combustion-air-systems-draft-and-fans/index.html"
"Engineering","SOx, NOx, VOCs and Industrial Gas Pollutants","2606","14","Baseline content depth achieved","engineering/air-pollution-control-and-environmental-engineering/air-pollutants/gaseous-pollution/sox-nox-vocs-and-industrial-gas-pollutants/index.html"
"Engineering","Stress Concentration: Notches, Fillets and Fatigue","2640","8","Baseline content depth achieved","engineering/mechanical-engineering-and-fabrication/mechanics-of-materials/strength-and-serviceability/stress-concentration-notches-fillets-and-fatigue/index.html"
"Engineering","Filtration: Principle, Equipment and Applications","2865","14","Baseline content depth achieved","engineering/process-engineering-and-industrial-utilities/unit-operations/filtration/filtration-principle-equipment-and-applications/index.html"
"Engineering","Cooling Water System: Components and Operation","2868","14","Baseline content depth achieved","engineering/process-engineering-and-industrial-utilities/industrial-utilities/cooling-water/cooling-water-system-components-and-operation/index.html"
"Engineering","Energy Balance: Fundamental Method and Examples","2868","14","Baseline content depth achieved","engineering/process-engineering-and-industrial-utilities/process-fundamentals/energy-balance/energy-balance-fundamental-method-and-examples/index.html"
"Engineering","Distillation, Evaporation and Separation Basics","2870","14","Baseline content depth achieved","engineering/process-engineering-and-industrial-utilities/unit-operations/separation/distillation-evaporation-and-separation-basics/index.html"
"Engineering","Material Balance: Fundamental Method and Examples","2874","14","Baseline content depth achieved","engineering/process-engineering-and-industrial-utilities/process-fundamentals/material-balance/material-balance-fundamental-method-and-examples/index.html"
"Engineering","Industrial Drying: Principle and Equipment Types","2885","14","Baseline content depth achieved","engineering/process-engineering-and-industrial-utilities/unit-operations/drying/industrial-drying-principle-and-equipment-types/index.html"
"Engineering","Compressed Air System: Generation, Distribution and Uses","2892","14","Baseline content depth achieved","engineering/process-engineering-and-industrial-utilities/industrial-utilities/compressed-air/compressed-air-system-generation-distribution-and-uses/index.html"
"Engineering","Coal, Oil and Gas Fuel Handling Basics","2893","14","Baseline content depth achieved","engineering/process-engineering-and-industrial-utilities/industrial-utilities/fuel-systems/coal-oil-and-gas-fuel-handling-basics/index.html"
"Engineering","PFD and P&ID: Purpose, Difference and Basic Symbols","2910","14","Baseline content depth achieved","engineering/process-engineering-and-industrial-utilities/process-fundamentals/process-documents/pfd-and-pandid-purpose-difference-and-basic-symbols/index.html"
"Engineering","Pressure and Temperature Measurement Instruments","2936","14","Baseline content depth achieved","engineering/instrumentation-and-control-engineering/process-measurement/pressure-and-temperature/pressure-and-temperature-measurement-instruments/index.html"
"Engineering","Bulk Solids Flow Properties: Angle of Repose, Cohesion and Moisture","2947","14","Baseline content depth achieved","engineering/material-handling-and-bulk-solids/bulk-material-properties/flow-behaviour/bulk-solids-flow-properties-angle-of-repose-cohesion-and-moisture/index.html"
"Engineering","Shafts, Couplings and Bearings: Fundamentals","2984","14","Baseline content depth achieved","engineering/mechanical-engineering-and-fabrication/rotating-equipment/bearings-and-shafts/shafts-couplings-and-bearings-fundamentals/index.html"
"Engineering","Welding Processes, Joints and Weld Defects","2984","14","Baseline content depth achieved","engineering/mechanical-engineering-and-fabrication/fabrication/welding/welding-processes-joints-and-weld-defects/index.html"
"Engineering","Convective Heat Transfer and Heat Transfer Coefficient","2988","23","Baseline content depth achieved","engineering/thermal-engineering-and-boilers/heat-transfer/convection/convective-heat-transfer-and-heat-transfer-coefficient/index.html"
"Engineering","Overall Heat Transfer Coefficient","2989","23","Baseline content depth achieved","engineering/thermal-engineering-and-boilers/heat-transfer/overall-heat-transfer/overall-heat-transfer-coefficient/index.html"
"Engineering","Thermal Radiation and Emissivity","2990","23","Baseline content depth achieved","engineering/thermal-engineering-and-boilers/heat-transfer/radiation/thermal-radiation-and-emissivity/index.html"
"Engineering","Plate Fabrication, Rolling and Forming Basics","2995","14","Baseline content depth achieved","engineering/mechanical-engineering-and-fabrication/fabrication/plate-work/plate-fabrication-rolling-and-forming-basics/index.html"
"Engineering","Combustion, Excess Air and Flue Gas Basics","2996","23","Baseline content depth achieved","engineering/thermal-engineering-and-boilers/boilers-and-combustion/combustion/combustion-excess-air-and-flue-gas-basics/index.html"
"Engineering","Industrial Insulation and Heat Loss Reduction","3002","23","Baseline content depth achieved","engineering/thermal-engineering-and-boilers/thermal-expansion-and-insulation/insulation/industrial-insulation-and-heat-loss-reduction/index.html"
"Engineering","Machinery Vibration: Causes and Basic Monitoring","3003","14","Baseline content depth achieved","engineering/mechanical-engineering-and-fabrication/rotating-equipment/vibration/machinery-vibration-causes-and-basic-monitoring/index.html"
"Engineering","Industrial Storage Tanks: Types and Components","3020","14","Baseline content depth achieved","engineering/mechanical-engineering-and-fabrication/static-equipment-design/storage-tanks/industrial-storage-tanks-types-and-components/index.html"
"Engineering","Fabrication Weight Estimation and Bill of Materials Basics","3021","14","Baseline content depth achieved","engineering/mechanical-engineering-and-fabrication/fabrication/estimation/fabrication-weight-estimation-and-bill-of-materials-basics/index.html"
"Engineering","Factor of Safety, Deflection and Allowable Stress Basics","3026","14","Baseline content depth achieved","engineering/mechanical-engineering-and-fabrication/mechanics-of-materials/strength-and-serviceability/factor-of-safety-deflection-and-allowable-stress-basics/index.html"
"Engineering","Vessel Supports: Skirt, Saddle and Leg Supports","3031","14","Baseline content depth achieved","engineering/mechanical-engineering-and-fabrication/static-equipment-design/supports/vessel-supports-skirt-saddle-and-leg-supports/index.html"
"Engineering","Heat Conduction: Principles, Formulae and Industrial Applications","3058","14","Baseline content depth achieved","heat-conduction-explained.html"
"Engineering","Boiler Efficiency: Principles, Formulae and Industrial Applications","3063","14","Baseline content depth achieved","boiler-efficiency-explained.html"
"Engineering","LMTD and Heat Exchanger Thermal Design Basics","3070","23","Baseline content depth achieved","engineering/thermal-engineering-and-boilers/heat-exchange-equipment/heat-exchanger-performance/lmtd-and-heat-exchanger-thermal-design-basics/index.html"
"Engineering","Reynolds Number: Principles, Formulae and Industrial Applications","3077","14","Baseline content depth achieved","reynolds-number-explained.html"
"Engineering","Duct Flow Rate: Principles, Formulae and Industrial Applications","3090","14","Baseline content depth achieved","duct-flow-rate-explained.html"
"Engineering","Heat Transfer: Principles, Formulae and Industrial Applications","3092","14","Baseline content depth achieved","heat-transfer-explained.html"
"Engineering","Heat Exchanger Working Principle and Types","3104","23","Baseline content depth achieved","engineering/thermal-engineering-and-boilers/heat-exchange-equipment/heat-exchanger-fundamentals/heat-exchanger-working-principle-and-types/index.html"
"Engineering","Bernoulli Equation: Principles, Formulae and Industrial Applications","3125","14","Baseline content depth achieved","bernoulli-equation-explained.html"
"Engineering","Pipe Flow: Principles, Formulae and Industrial Applications","3127","14","Baseline content depth achieved","pipe-flow-basics.html"
"Engineering","Pump Power: Principles, Formulae and Industrial Applications","3146","14","Baseline content depth achieved","pump-power-basics.html"
"Engineering","Stress, Strain, Elasticity and Plasticity","3151","23","Baseline content depth achieved","engineering/mechanical-engineering-and-fabrication/mechanics-of-materials/stress-and-strain/stress-strain-elasticity-and-plasticity/index.html"
"Engineering","Pressure Vessel: Working Principle, Components, Types and Applications","3181","14","Baseline content depth achieved","pressure-vessel-design-basics.html"
"Engineering","Steam Generation, Superheating and Reheating","3186","23","Baseline content depth achieved","engineering/thermal-engineering-and-boilers/boilers-and-combustion/steam-systems/steam-generation-superheating-and-reheating/index.html"
"Engineering","Pipe Friction Loss and Darcy-Weisbach Equation","3188","14","Baseline content depth achieved","engineering/fluid-mechanics-piping-pumps-fans-ducts/piping-systems/pipe-flow/pipe-friction-loss-and-darcy-weisbach-equation/index.html"
"Engineering","Pump Curves and System Curves","3194","14","Baseline content depth achieved","engineering/fluid-mechanics-piping-pumps-fans-ducts/pumps/centrifugal-pumps/pump-curves-and-system-curves/index.html"
"Engineering","Minor Losses in Pipes, Fittings and Valves","3198","14","Baseline content depth achieved","engineering/fluid-mechanics-piping-pumps-fans-ducts/piping-systems/pipe-losses/minor-losses-in-pipes-fittings-and-valves/index.html"
"Engineering","Duct Pressure Loss and System Resistance","3208","14","Baseline content depth achieved","engineering/fluid-mechanics-piping-pumps-fans-ducts/fans-and-duct-systems/duct-systems/duct-pressure-loss/duct-pressure-loss-and-system-resistance/index.html"
"Engineering","Pressure Head, Velocity Head and Total Head","3210","14","Baseline content depth achieved","engineering/fluid-mechanics-piping-pumps-fans-ducts/fluid-flow-principles/pressure-and-head/pressure-head-velocity-head-and-total-head/index.html"
"Engineering","Pipe Sizing: Engineering Inputs and Limitations","3211","14","Baseline content depth achieved","engineering/fluid-mechanics-piping-pumps-fans-ducts/piping-systems/piping-design-basics/pipe-sizing-engineering-inputs-and-limitations/index.html"
"Engineering","Cooling Tower Working Principle and Performance Basics","3216","23","Baseline content depth achieved","engineering/thermal-engineering-and-boilers/cooling-systems/cooling-towers/cooling-tower-working-principle-and-performance-basics/index.html"
"Engineering","Fan Laws, Static Pressure and Fan Power","3225","14","Baseline content depth achieved","engineering/fluid-mechanics-piping-pumps-fans-ducts/fans-and-duct-systems/industrial-fans/fan-laws-static-pressure-and-fan-power/index.html"
"Engineering","NPSH and Cavitation in Pumps","3229","14","Baseline content depth achieved","engineering/fluid-mechanics-piping-pumps-fans-ducts/pumps/pump-operation/npsh-and-cavitation-in-pumps/index.html"
"Engineering","Centrifugal Pump Working Principle","3233","14","Baseline content depth achieved","engineering/fluid-mechanics-piping-pumps-fans-ducts/pumps/centrifugal-pumps/centrifugal-pump-working-principle/index.html"
"Engineering","Thermal Expansion: Principles, Formulae and Industrial Applications","3247","14","Baseline content depth achieved","thermal-expansion-explained.html"
"Engineering","Dynamic and Kinematic Viscosity","3273","14","Baseline content depth achieved","engineering/fluid-mechanics-piping-pumps-fans-ducts/fluid-properties/viscosity/dynamic-and-kinematic-viscosity/index.html"
"Engineering","Engineering Unit Conversion Explained","3375","14","Baseline content depth achieved","unit-conversion-explained.html"
"Engineering","Air Density: Principles, Formulae and Industrial Applications","3719","14","Baseline content depth achieved","air-density-explained.html"
"Engineering","Density, Specific Gravity and Specific Weight: Principles, Formulae and Industrial Applications","3761","14","Baseline content depth achieved","engineering/fluid-mechanics-piping-pumps-fans-ducts/fluid-properties/density-and-specific-gravity/density-specific-gravity-and-specific-weight/index.html"
"Engineering","Dilute Phase and Dense Phase Pneumatic Conveying","4107","14","Baseline content depth achieved","engineering/material-handling-and-bulk-solids/conveying-principles/pneumatic-conveying/dilute-phase-and-dense-phase-pneumatic-conveying/index.html"
"Engineering","Electrostatic Precipitator: Working Principle and Components","4216","14","Baseline content depth achieved","engineering/air-pollution-control-and-environmental-engineering/particulate-collection/electrostatic-precipitators/electrostatic-precipitator-working-principle-and-components/index.html"
"Engineering","Electrostatic Precipitator: Working Principle, Components, Types and Applications","4230","14","Baseline content depth achieved","electrostatic-precipitator.html"
"Engineering","Flue Gas Desulfurization: Process and Equipment","4231","14","Baseline content depth achieved","engineering/air-pollution-control-and-environmental-engineering/gas-treatment/fgd/flue-gas-desulfurization-process-and-equipment/index.html"
"Engineering","ESP and Bag Filter: Working Principles, Comparison and Applications","4260","14","Baseline content depth achieved","esp-vs-bag-filter.html"
"Engineering","Bag Filter: Working Principle and Components","4275","14","Baseline content depth achieved","engineering/air-pollution-control-and-environmental-engineering/particulate-collection/bag-filters/bag-filter-working-principle-and-components/index.html"
"Engineering","Air Pollution Control Systems: Working Principles, Equipment and Applications","4288","14","Baseline content depth achieved","air-pollution-control-systems.html"
"Engineering","Bag Filter: Working Principle, Components, Types and Applications","4364","14","Baseline content depth achieved","bag-filter.html"
"Engineering Reference Data","Bolt, Nut and Washer Dimensions","2016","14","Baseline content depth achieved","engineering-reference-data/gaskets-fasteners-hardware-and-welding-consumables/fasteners-and-hardware/bolting/bolt-nut-and-washer-dimensions/index.html"
"Engineering Reference Data","Chemical Composition by Material Grade","2017","14","Baseline content depth achieved","engineering-reference-data/material-properties-and-standards-directory/material-properties/chemical-composition/chemical-composition-by-material-grade/index.html"
"Engineering Reference Data","Wire Diameter and Gauge Conversion Table","2018","14","Baseline content depth achieved","engineering-reference-data/plates-sheets-bars-rods-and-wire/wire/wire-sizes/wire-diameter-and-gauge-conversion-table/index.html"
"Engineering Reference Data","Aluminium Alloy Grades: Properties and Applications","2022","14","Baseline content depth achieved","engineering-reference-data/materials-and-materials-of-construction/non-ferrous-metals/aluminium-alloys/aluminium-alloy-grades-properties-and-applications/index.html"
"Engineering Reference Data","Stud Bolts and Threaded Rod Dimensions","2024","14","Baseline content depth achieved","engineering-reference-data/gaskets-fasteners-hardware-and-welding-consumables/fasteners-and-hardware/bolting/stud-bolts-and-threaded-rod-dimensions/index.html"
"Engineering Reference Data","CHS Size, Mass and Property Table","2025","14","Baseline content depth achieved","engineering-reference-data/rolled-sections-and-hollow-sections/hollow-sections/circular-hollow-sections/chs-size-mass-and-property-table/index.html"
"Engineering Reference Data","Reinforcement Bar Diameter and Weight Table","2025","14","Baseline content depth achieved","engineering-reference-data/plates-sheets-bars-rods-and-wire/bars-and-rods/reinforcement-bars/reinforcement-bar-diameter-and-weight-table/index.html"
"Engineering Reference Data","RHS Size, Mass and Property Table","2025","14","Baseline content depth achieved","engineering-reference-data/rolled-sections-and-hollow-sections/hollow-sections/rectangular-hollow-sections/rhs-size-mass-and-property-table/index.html"
"Engineering Reference Data","SHS Size, Mass and Property Table","2025","14","Baseline content depth achieved","engineering-reference-data/rolled-sections-and-hollow-sections/hollow-sections/square-hollow-sections/shs-size-mass-and-property-table/index.html"
"Engineering Reference Data","Channel Size, Mass and Property Table","2028","14","Baseline content depth achieved","engineering-reference-data/rolled-sections-and-hollow-sections/rolled-sections/angles-and-channels/channel-size-mass-and-property-table/index.html"
"Engineering Reference Data","Column and Universal Beam Property Table","2028","14","Baseline content depth achieved","engineering-reference-data/rolled-sections-and-hollow-sections/rolled-sections/beams-and-columns/column-and-universal-beam-property-table/index.html"
"Engineering Reference Data","Copper, Brass and Bronze: Properties and Applications","2030","14","Baseline content depth achieved","engineering-reference-data/materials-and-materials-of-construction/non-ferrous-metals/copper-alloys/copper-brass-and-bronze-properties-and-applications/index.html"
"Engineering Reference Data","Instrument Tube OD and Wall Thickness Table","2030","14","Baseline content depth achieved","engineering-reference-data/pipes-tubes-fittings-and-flanges/tubes/instrument-tubing/instrument-tube-od-and-wall-thickness-table/index.html"
"Engineering Reference Data","Austenitic, Ferritic and Martensitic Stainless Steel Grades","2031","14","Baseline content depth achieved","engineering-reference-data/materials-and-materials-of-construction/ferrous-metals/stainless-steels/austenitic-ferritic-and-martensitic-stainless-steel-grades/index.html"
"Engineering Reference Data","Material Grade Cross-Reference Guide and Limitations","2031","14","Baseline content depth achieved","engineering-reference-data/material-properties-and-standards-directory/standards-directory/grade-cross-references/material-grade-cross-reference-guide-and-limitations/index.html"
"Engineering Reference Data","Round Bar Diameter and Weight Table","2031","14","Baseline content depth achieved","engineering-reference-data/plates-sheets-bars-rods-and-wire/bars-and-rods/round-and-square-bars/round-bar-diameter-and-weight-table/index.html"
"Engineering Reference Data","Square Bar Size and Weight Table","2031","14","Baseline content depth achieved","engineering-reference-data/plates-sheets-bars-rods-and-wire/bars-and-rods/round-and-square-bars/square-bar-size-and-weight-table/index.html"
"Engineering Reference Data","Elbow, Tee, Reducer and Cap Dimension Tables","2032","14","Baseline content depth achieved","engineering-reference-data/pipes-tubes-fittings-and-flanges/piping-components/fittings/elbow-tee-reducer-and-cap-dimension-tables/index.html"
"Engineering Reference Data","STD, XS and XXS Pipe Dimension Table","2033","14","Baseline content depth achieved","engineering-reference-data/pipes-tubes-fittings-and-flanges/pipes/special-pipe-classes/std-xs-and-xxs-pipe-dimension-table/index.html"
"Engineering Reference Data","Flat Bar Thickness, Width and Weight Table","2034","14","Baseline content depth achieved","engineering-reference-data/plates-sheets-bars-rods-and-wire/bars-and-rods/flat-bars/flat-bar-thickness-width-and-weight-table/index.html"
"Engineering Reference Data","NPS, DN and Pipe Outside Diameter Table","2034","14","Baseline content depth achieved","engineering-reference-data/pipes-tubes-fittings-and-flanges/pipes/nps-and-dn/nps-dn-and-pipe-outside-diameter-table/index.html"
"Engineering Reference Data","Refractory and Insulation Materials: Properties and Applications","2036","14","Baseline content depth achieved","engineering-reference-data/materials-and-materials-of-construction/non-metallic-materials/refractories-and-insulation/refractory-and-insulation-materials-properties-and-applications/index.html"
"Engineering Reference Data","Spiral Wound, RTJ and Camprofile Gasket Guide","2038","14","Baseline content depth achieved","engineering-reference-data/gaskets-fasteners-hardware-and-welding-consumables/gaskets-and-seals/metallic-gaskets/spiral-wound-rtj-and-camprofile-gasket-guide/index.html"
"Engineering Reference Data","Boiler Tube and Heat Exchanger Tube Dimensions","2039","14","Baseline content depth achieved","engineering-reference-data/pipes-tubes-fittings-and-flanges/tubes/boiler-and-heat-exchanger-tubes/boiler-tube-and-heat-exchanger-tube-dimensions/index.html"
"Engineering Reference Data","Carbon Steel Plate Thickness and Weight Table","2039","14","Baseline content depth achieved","engineering-reference-data/plates-sheets-bars-rods-and-wire/plates-and-sheets/carbon-steel-products/carbon-steel-plate-thickness-and-weight-table/index.html"
"Engineering Reference Data","Narrow and Wide Parallel Flange Beam Table","2039","14","Baseline content depth achieved","engineering-reference-data/rolled-sections-and-hollow-sections/rolled-sections/beams-and-columns/narrow-and-wide-parallel-flange-beam-table/index.html"
"Engineering Reference Data","Pipe Schedule, Wall Thickness and Inside Diameter Table","2039","14","Baseline content depth achieved","engineering-reference-data/pipes-tubes-fittings-and-flanges/pipes/pipe-schedules/pipe-schedule-wall-thickness-and-inside-diameter-table/index.html"
"Engineering Reference Data","Density, Thermal Conductivity and Thermal Expansion by Material","2040","14","Baseline content depth achieved","engineering-reference-data/material-properties-and-standards-directory/material-properties/physical-properties/density-thermal-conductivity-and-thermal-expansion-by-material/index.html"
"Engineering Reference Data","O-Rings, Mechanical Seals and Gland Packing Guide","2041","14","Baseline content depth achieved","engineering-reference-data/gaskets-fasteners-hardware-and-welding-consumables/gaskets-and-seals/seals-and-packing/o-rings-mechanical-seals-and-gland-packing-guide/index.html"
"Engineering Reference Data","Flange Dimensions, Facing Types and Bolt Hole Tables","2042","14","Baseline content depth achieved","engineering-reference-data/pipes-tubes-fittings-and-flanges/piping-components/flanges/flange-dimensions-facing-types-and-bolt-hole-tables/index.html"
"Engineering Reference Data","Aluminium Plate and Sheet Thickness and Weight Table","2044","14","Baseline content depth achieved","engineering-reference-data/plates-sheets-bars-rods-and-wire/plates-and-sheets/aluminium-products/aluminium-plate-and-sheet-thickness-and-weight-table/index.html"
"Engineering Reference Data","Non-Asbestos, Rubber, PTFE and Graphite Gasket Guide","2044","14","Baseline content depth achieved","engineering-reference-data/gaskets-fasteners-hardware-and-welding-consumables/gaskets-and-seals/sheet-and-soft-gaskets/non-asbestos-rubber-ptfe-and-graphite-gasket-guide/index.html"
"Engineering Reference Data","Carbon Steel Grades: Properties and Typical Applications","2046","14","Baseline content depth achieved","engineering-reference-data/materials-and-materials-of-construction/ferrous-metals/carbon-steels-structural-and-plate-steels/carbon-steel-grades-properties-and-typical-applications/index.html"
"Engineering Reference Data","Carbon Steel Pipe Grades: Properties and Typical Applications","2046","14","Baseline content depth achieved","engineering-reference-data/materials-and-materials-of-construction/ferrous-metals/carbon-steels-piping-steels/carbon-steel-pipe-grades-properties-and-typical-applications/index.html"
"Engineering Reference Data","Carbon Steel Sheet Thickness, Gauge and Weight Table","2047","14","Baseline content depth achieved","engineering-reference-data/plates-sheets-bars-rods-and-wire/plates-and-sheets/carbon-steel-products/carbon-steel-sheet-thickness-gauge-and-weight-table/index.html"
"Engineering Reference Data","Anchor Bolts, U-Bolts, Clamps and Pipe Support Hardware","2048","14","Baseline content depth achieved","engineering-reference-data/gaskets-fasteners-hardware-and-welding-consumables/fasteners-and-hardware/anchoring-and-supports/anchor-bolts-u-bolts-clamps-and-pipe-support-hardware/index.html"
"Engineering Reference Data","Alloy Steel Grades for High Temperature and Pressure Service","2049","14","Baseline content depth achieved","engineering-reference-data/materials-and-materials-of-construction/ferrous-metals/alloy-steels/alloy-steel-grades-for-high-temperature-and-pressure-service/index.html"
"Engineering Reference Data","Welding Electrodes, Wire and Filler Metal Reference Guide","2049","14","Baseline content depth achieved","engineering-reference-data/gaskets-fasteners-hardware-and-welding-consumables/welding-consumables/electrodes-and-filler-metals/welding-electrodes-wire-and-filler-metal-reference-guide/index.html"
"Engineering Reference Data","Yield Strength, Tensile Strength, Elongation and Hardness by Grade","2049","14","Baseline content depth achieved","engineering-reference-data/material-properties-and-standards-directory/material-properties/mechanical-properties/yield-strength-tensile-strength-elongation-and-hardness-by-grade/index.html"
"Engineering Reference Data","Equal and Unequal Angle Size, Mass and Property Table","2052","14","Baseline content depth achieved","engineering-reference-data/rolled-sections-and-hollow-sections/rolled-sections/angles-and-channels/equal-and-unequal-angle-size-mass-and-property-table/index.html"
"Engineering Reference Data","PTFE, HDPE, PP, PVC and Rubber: Properties and Applications","2052","14","Baseline content depth achieved","engineering-reference-data/materials-and-materials-of-construction/non-metallic-materials/polymers-and-linings/ptfe-hdpe-pp-pvc-and-rubber-properties-and-applications/index.html"
"Engineering Reference Data","Pins, Rivets, Keys, Grating Clips and Cable Tray Hardware","2054","14","Baseline content depth achieved","engineering-reference-data/gaskets-fasteners-hardware-and-welding-consumables/fasteners-and-hardware/general-hardware/pins-rivets-keys-grating-clips-and-cable-tray-hardware/index.html"
"Engineering Reference Data","Stainless Steel Plate and Sheet Thickness and Weight Table","2056","14","Baseline content depth achieved","engineering-reference-data/plates-sheets-bars-rods-and-wire/plates-and-sheets/stainless-steel-products/stainless-steel-plate-and-sheet-thickness-and-weight-table/index.html"
"Engineering Reference Data","Area, Moment of Inertia, Radius of Gyration and Section Modulus","2061","14","Baseline content depth achieved","engineering-reference-data/rolled-sections-and-hollow-sections/rolled-sections/section-properties/area-moment-of-inertia-radius-of-gyration-and-section-modulus/index.html"
"Engineering Reference Data","I Beam and H Beam Size, Mass and Property Table","2064","14","Baseline content depth achieved","engineering-reference-data/rolled-sections-and-hollow-sections/rolled-sections/beams-and-columns/i-beam-and-h-beam-size-mass-and-property-table/index.html"
"Engineering Reference Data","IS, ASTM, ASME, EN, DIN, JIS and ISO Material Standards Directory","2068","14","Baseline content depth achieved","engineering-reference-data/material-properties-and-standards-directory/standards-directory/material-standards/is-astm-asme-en-din-jis-and-iso-material-standards-directory/index.html"
"Engineering Reference Data","Copper and Copper Alloys: Properties and Applications","2459","8","Baseline content depth achieved","engineering-reference-data/materials-and-materials-of-construction/non-ferrous-metals/copper-and-copper-alloys-properties-and-applications/index.html"
"Engineering Reference Data","Aluminium Alloys: Properties and Industrial Applications","2478","8","Baseline content depth achieved","engineering-reference-data/materials-and-materials-of-construction/non-ferrous-metals/aluminium-alloys-properties-and-industrial-applications/index.html"
"Engineering Reference Data","Galvanized Steel and Zinc Coatings","2488","8","Baseline content depth achieved","engineering-reference-data/materials-and-materials-of-construction/ferrous-metals/galvanized-steel-and-zinc-coatings/index.html"
"Engineering Reference Data","Corrosion Mechanisms and Material Selection","2512","8","Baseline content depth achieved","engineering-reference-data/material-properties-and-standards-directory/material-properties/corrosion-mechanisms-and-material-selection/index.html"
"Engineering Reference Data","Protective Coatings and Surface Preparation","2514","8","Baseline content depth achieved","engineering-reference-data/material-properties-and-standards-directory/material-properties/protective-coatings-and-surface-preparation/index.html"
"Engineering Reference Data","Refractory Materials and Furnace Linings","2516","8","Baseline content depth achieved","engineering-reference-data/materials-and-materials-of-construction/non-metallic-materials/refractory-materials-and-furnace-linings/index.html"
"Engineering Reference Data","Engineering Polymers: Selection and Service Limits","2517","8","Baseline content depth achieved","engineering-reference-data/materials-and-materials-of-construction/non-metallic-materials/engineering-polymers-selection-and-service-limits/index.html"
"Engineering Reference Data","Welding Consumables: Electrodes, Filler Metals and Fluxes","2528","8","Baseline content depth achieved","engineering-reference-data/gaskets-fasteners-hardware-and-welding-consumables/welding-consumables/welding-consumables-electrodes-filler-metals-and-fluxes/index.html"
"Engineering Reference Data","Fibre-Reinforced Plastic: Properties and Industrial Applications","2540","8","Baseline content depth achieved","engineering-reference-data/materials-and-materials-of-construction/non-metallic-materials/fibre-reinforced-plastic-properties-and-industrial-applications/index.html"
"Engineering Reference Data","Stainless Steel: Grades, Corrosion Resistance and Selection","2547","8","Baseline content depth achieved","engineering-reference-data/materials-and-materials-of-construction/ferrous-metals/stainless-steel-grades-corrosion-resistance-and-selection/index.html"
"Engineering Reference Data","Material Test Certificates and Heat Traceability","2640","8","Baseline content depth achieved","engineering-reference-data/materials-and-materials-of-construction/ferrous-metals/material-test-certificates-and-heat-traceability/index.html"
"Industrial Equipment","Apron Feeder","2055","14","Baseline content depth achieved","industrial-equipment/feeders-gates-valves-dampers-and-airlocks/feeders/mechanical-feeders/apron-feeder/index.html"
"Industrial Equipment","Butterfly Damper","2055","14","Baseline content depth achieved","industrial-equipment/feeders-gates-valves-dampers-and-airlocks/dampers/control-dampers/butterfly-damper/index.html"
"Industrial Equipment","Guillotine Damper","2055","14","Baseline content depth achieved","industrial-equipment/feeders-gates-valves-dampers-and-airlocks/dampers/isolation-dampers/guillotine-damper/index.html"
"Industrial Equipment","Louver Damper","2055","14","Baseline content depth achieved","industrial-equipment/feeders-gates-valves-dampers-and-airlocks/dampers/control-dampers/louver-damper/index.html"
"Industrial Equipment","Rotary Feeder","2055","14","Baseline content depth achieved","industrial-equipment/feeders-gates-valves-dampers-and-airlocks/feeders/mechanical-feeders/rotary-feeder/index.html"
"Industrial Equipment","Screw Feeder","2055","14","Baseline content depth achieved","industrial-equipment/feeders-gates-valves-dampers-and-airlocks/feeders/mechanical-feeders/screw-feeder/index.html"
"Industrial Equipment","Table Feeder","2055","14","Baseline content depth achieved","industrial-equipment/feeders-gates-valves-dampers-and-airlocks/feeders/controlled-feeders/table-feeder/index.html"
"Industrial Equipment","Vibratory Feeder","2055","14","Baseline content depth achieved","industrial-equipment/feeders-gates-valves-dampers-and-airlocks/feeders/controlled-feeders/vibratory-feeder/index.html"
"Industrial Equipment","Belt Feeder","2060","14","Baseline content depth achieved","industrial-equipment/feeders-gates-valves-dampers-and-airlocks/feeders/mechanical-feeders/belt-feeder/index.html"
"Industrial Equipment","Switchgear Components","2060","14","Baseline content depth achieved","industrial-equipment/electrical-and-instrumentation-equipment/switchgear-circuit-breakers-breaker-relay-and-panel-switchgear-components/index.html"
"Industrial Equipment","Transformer Components","2060","14","Baseline content depth achieved","industrial-equipment/electrical-and-instrumentation-equipment/transformers-power-transformers-core-windings-and-bushings-transformer-components/index.html"
"Industrial Equipment","Clarifier Components","2062","14","Baseline content depth achieved","industrial-equipment/water-and-wastewater-equipment/clarifiers-circular-clarifier-bridge-scraper-and-drive-clarifier-components/index.html"
"Industrial Equipment","ESP Components","2069","14","Baseline content depth achieved","industrial-equipment/air-pollution-control-equipment/electrostatic-precipitators-esp-fields-electrodes-rappers-and-tr-sets-esp-components/index.html"
"Industrial Equipment","Bin Activator","2070","14","Baseline content depth achieved","industrial-equipment/feeders-gates-valves-dampers-and-airlocks/flow-aids/mechanical-flow-aids/bin-activator/index.html"
"Industrial Equipment","Multi-Louver Isolation Damper","2071","14","Baseline content depth achieved","industrial-equipment/feeders-gates-valves-dampers-and-airlocks/dampers/isolation-dampers/multi-louver-isolation-damper/index.html"
"Industrial Equipment","Guillotine Gate","2073","14","Baseline content depth achieved","industrial-equipment/feeders-gates-valves-dampers-and-airlocks/gates-and-diverters/isolation-gates/guillotine-gate/index.html"
"Industrial Equipment","Rod Gate","2073","14","Baseline content depth achieved","industrial-equipment/feeders-gates-valves-dampers-and-airlocks/gates-and-diverters/isolation-gates/rod-gate/index.html"
"Industrial Equipment","Slide Gate","2074","14","Baseline content depth achieved","industrial-equipment/feeders-gates-valves-dampers-and-airlocks/gates-and-diverters/isolation-gates/slide-gate/index.html"
"Industrial Equipment","Induction Motor Components","2075","14","Baseline content depth achieved","industrial-equipment/electrical-and-instrumentation-equipment/motors-induction-motors-stator-rotor-and-bearings-induction-motor-components/index.html"
"Industrial Equipment","Industrial Platform Components","2081","14","Baseline content depth achieved","industrial-equipment/structural-steel-supports-and-access-equipment/steel-platforms-access-platforms-grating-handrail-and-toe-plate-industrial-platform-components/index.html"
"Industrial Equipment","Pipe Support Components","2081","14","Baseline content depth achieved","industrial-equipment/structural-steel-supports-and-access-equipment/pipe-supports-rigid-supports-shoe-guide-and-anchor-pipe-support-components/index.html"
"Industrial Equipment","Bag Filter Components","2084","14","Baseline content depth achieved","industrial-equipment/air-pollution-control-equipment/bag-filters-baghouse-sections-filter-bags-cages-pulse-valves-and-hopper-bag-filter-components/index.html"
"Industrial Equipment","Cyclone Separator Components","2084","14","Baseline content depth achieved","industrial-equipment/air-pollution-control-equipment/cyclone-separators-cyclone-body-inlet-vortex-finder-and-hopper-cyclone-separator-components/index.html"
"Industrial Equipment","Duct Support Components","2084","14","Baseline content depth achieved","industrial-equipment/structural-steel-supports-and-access-equipment/duct-supports-duct-support-frames-hangers-clamps-and-bracing-duct-support-components/index.html"
"Industrial Equipment","Wet Scrubber Components","2084","14","Baseline content depth achieved","industrial-equipment/air-pollution-control-equipment/wet-scrubbers-scrubber-system-spray-nozzles-packing-and-mist-eliminator-wet-scrubber-components/index.html"
"Industrial Equipment","Filter Press Components","2085","14","Baseline content depth achieved","industrial-equipment/water-and-wastewater-equipment/sludge-systems-filter-press-plates-cloth-and-hydraulic-unit-filter-press-components/index.html"
"Industrial Equipment","RO System Components","2088","14","Baseline content depth achieved","industrial-equipment/water-and-wastewater-equipment/ro-systems-reverse-osmosis-unit-membrane-pressure-vessel-and-high-pressure-pump-ro-system-components/index.html"
"Industrial Equipment","Knife Gate Valve","2089","14","Baseline content depth achieved","industrial-equipment/feeders-gates-valves-dampers-and-airlocks/gates-and-diverters/isolation-gates/knife-gate-valve/index.html"
"Industrial Equipment","Three-Way Diverter Gate","2089","14","Baseline content depth achieved","industrial-equipment/feeders-gates-valves-dampers-and-airlocks/gates-and-diverters/diversion-gates/three-way-diverter-gate/index.html"
"Industrial Equipment","Two-Way Diverter Gate","2089","14","Baseline content depth achieved","industrial-equipment/feeders-gates-valves-dampers-and-airlocks/gates-and-diverters/diversion-gates/two-way-diverter-gate/index.html"
"Industrial Equipment","Pressure Sand Filter Components","2095","14","Baseline content depth achieved","industrial-equipment/water-and-wastewater-equipment/filters-pressure-sand-filter-vessel-media-and-valves-pressure-sand-filter-components/index.html"
"Industrial Equipment","Flow Measurement Instrument Components","2101","14","Baseline content depth achieved","industrial-equipment/electrical-and-instrumentation-equipment/field-instruments-flow-instruments-primary-element-transmitter-and-indicator-flow-measurement-instrument-components/index.html"
"Industrial Equipment","Industrial Vibrator and Knocker","2102","14","Baseline content depth achieved","industrial-equipment/feeders-gates-valves-dampers-and-airlocks/flow-aids/mechanical-flow-aids/industrial-vibrator-and-knocker/index.html"
"Industrial Equipment","Weigh Feeder and Loss-in-Weight Feeder","2103","14","Baseline content depth achieved","industrial-equipment/feeders-gates-valves-dampers-and-airlocks/feeders/controlled-feeders/weigh-feeder-and-loss-in-weight-feeder/index.html"
"Industrial Equipment","Industrial Ladder and Stair Components","2116","14","Baseline content depth achieved","industrial-equipment/structural-steel-supports-and-access-equipment/access-equipment-ladders-and-stairs-ladder-cage-stringer-and-handrail-industrial-ladder-and-stair-components/index.html"
"Industrial Equipment","Air Cannon and Air Blaster","2119","14","Baseline content depth achieved","industrial-equipment/feeders-gates-valves-dampers-and-airlocks/flow-aids/pneumatic-flow-aids/air-cannon-and-air-blaster/index.html"
"Industrial Equipment","Air Pad and Hopper Aeration System","2134","14","Baseline content depth achieved","industrial-equipment/feeders-gates-valves-dampers-and-airlocks/flow-aids/pneumatic-flow-aids/air-pad-and-hopper-aeration-system/index.html"
"Industrial Equipment","Tipping Valve and Flap Valve","2136","14","Baseline content depth achieved","industrial-equipment/feeders-gates-valves-dampers-and-airlocks/airlocks-and-discharge-valves/flap-equipment/tipping-valve-and-flap-valve/index.html"
"Industrial Equipment","Double Flap Valve and Double Dump Valve","2168","14","Baseline content depth achieved","industrial-equipment/feeders-gates-valves-dampers-and-airlocks/airlocks-and-discharge-valves/flap-equipment/double-flap-valve-and-double-dump-valve/index.html"
"Industrial Equipment","Rotary Air Valve and Rotary Airlock Valve (RAV)","2183","14","Baseline content depth achieved","industrial-equipment/feeders-gates-valves-dampers-and-airlocks/airlocks-and-discharge-valves/rotary-equipment/rotary-air-valve-and-rotary-airlock-valve-rav/index.html"
"Industrial Equipment","Reclaimer","2256","14","Baseline content depth achieved","industrial-equipment/conveying-systems/belt-conveyors/yard-equipment/reclaimer/index.html"
"Industrial Equipment","Stacker","2256","14","Baseline content depth achieved","industrial-equipment/conveying-systems/belt-conveyors/yard-equipment/stacker/index.html"
"Industrial Equipment","Centrifugal Pump Components","2273","14","Baseline content depth achieved","industrial-equipment/pumps-fans-blowers-and-compressors/pumps-centrifugal-pump-pump-casing-impeller-and-seal-centrifugal-pump-components/index.html"
"Industrial Equipment","Cooling Tower Components","2283","14","Baseline content depth achieved","industrial-equipment/heat-exchangers-cooling-systems-and-vessels/cooling-systems-cooling-towers-fill-nozzles-fan-and-drift-eliminator-cooling-tower-components/index.html"
"Industrial Equipment","Tubular Screw Conveyor","2284","14","Baseline content depth achieved","industrial-equipment/conveying-systems/screw-conveyors/standard-screw-conveyors/tubular-screw-conveyor/index.html"
"Industrial Equipment","Twin Screw Conveyor","2284","14","Baseline content depth achieved","industrial-equipment/conveying-systems/screw-conveyors/special-screw-conveyors/twin-screw-conveyor/index.html"
"Industrial Equipment","U-Trough Screw Conveyor","2284","14","Baseline content depth achieved","industrial-equipment/conveying-systems/screw-conveyors/standard-screw-conveyors/u-trough-screw-conveyor/index.html"
"Industrial Equipment","Industrial Centrifugal Fan Components","2288","14","Baseline content depth achieved","industrial-equipment/pumps-fans-blowers-and-compressors/fans-centrifugal-fan-impeller-casing-and-inlet-box-industrial-centrifugal-fan-components/index.html"
"Industrial Equipment","Continuous Bucket Elevator","2289","14","Baseline content depth achieved","industrial-equipment/conveying-systems/other-conveyors/vertical-conveying/continuous-bucket-elevator/index.html"
"Industrial Equipment","Industrial Air Compressor Components","2289","14","Baseline content depth achieved","industrial-equipment/pumps-fans-blowers-and-compressors/compressors-air-compressor-compression-stages-and-accessories-industrial-air-compressor-components/index.html"
"Industrial Equipment","Roots Blower Working Principle","2289","14","Baseline content depth achieved","industrial-equipment/pumps-fans-blowers-and-compressors/blowers-roots-blower-lobes-and-casing-roots-blower-working-principle/index.html"
"Industrial Equipment","Vibratory Trough Conveyor","2289","14","Baseline content depth achieved","industrial-equipment/conveying-systems/other-conveyors/vibratory-conveying/vibratory-trough-conveyor/index.html"
"Industrial Equipment","Pressure Vessel Components","2290","14","Baseline content depth achieved","industrial-equipment/heat-exchangers-cooling-systems-and-vessels/pressure-vessels-vertical-vessels-shell-heads-nozzles-and-supports-pressure-vessel-components/index.html"
"Industrial Equipment","Flat Belt Conveyor","2291","14","Baseline content depth achieved","industrial-equipment/conveying-systems/belt-conveyors/standard-belt-conveyors/flat-belt-conveyor/index.html"
"Industrial Equipment","Flight Conveyor","2291","14","Baseline content depth achieved","industrial-equipment/conveying-systems/chain-and-drag-conveyors/drag-conveyors/flight-conveyor/index.html"
"Industrial Equipment","Pipe Belt Conveyor","2291","14","Baseline content depth achieved","industrial-equipment/conveying-systems/belt-conveyors/special-belt-conveyors/pipe-belt-conveyor/index.html"
"Industrial Equipment","Troughed Belt Conveyor","2291","14","Baseline content depth achieved","industrial-equipment/conveying-systems/belt-conveyors/standard-belt-conveyors/troughed-belt-conveyor/index.html"
"Industrial Equipment","Storage Tank Components","2293","14","Baseline content depth achieved","industrial-equipment/heat-exchangers-cooling-systems-and-vessels/storage-tanks-atmospheric-storage-tanks-roof-shell-bottom-and-appurtenances-storage-tank-components/index.html"
"Industrial Equipment","Pressure Conveying System","2300","14","Baseline content depth achieved","industrial-equipment/conveying-systems/pneumatic-conveying-systems/dilute-phase-conveying/pressure-conveying-system/index.html"
"Industrial Equipment","Submerged Scraper Conveyor","2300","14","Baseline content depth achieved","industrial-equipment/conveying-systems/chain-and-drag-conveyors/heavy-duty-conveyors/submerged-scraper-conveyor/index.html"
"Industrial Equipment","Vacuum Conveying System","2300","14","Baseline content depth achieved","industrial-equipment/conveying-systems/pneumatic-conveying-systems/dilute-phase-conveying/vacuum-conveying-system/index.html"
"Industrial Equipment","Shell-and-Tube Heat Exchanger Components","2301","14","Baseline content depth achieved","industrial-equipment/heat-exchangers-cooling-systems-and-vessels/heat-exchangers-shell-and-tube-heat-exchangers-shell-tube-bundle-and-channel-shell-and-tube-heat-exchanger-components/index.html"
"Industrial Equipment","Centrifugal Discharge Bucket Elevator","2304","14","Baseline content depth achieved","industrial-equipment/conveying-systems/other-conveyors/vertical-conveying/centrifugal-discharge-bucket-elevator/index.html"
"Industrial Equipment","Forced Draft Fan","2305","14","Baseline content depth achieved","industrial-equipment/boilers-steam-and-combustion-equipment/boiler-auxiliary-equipment/draft-system/forced-draft-fan/index.html"
"Industrial Equipment","Induced Draft Fan","2305","14","Baseline content depth achieved","industrial-equipment/boilers-steam-and-combustion-equipment/boiler-auxiliary-equipment/draft-system/induced-draft-fan/index.html"
"Industrial Equipment","Primary Air Fan","2305","14","Baseline content depth achieved","industrial-equipment/boilers-steam-and-combustion-equipment/boiler-auxiliary-equipment/draft-system/primary-air-fan/index.html"
"Industrial Equipment","Boiler Blowdown System","2306","14","Baseline content depth achieved","industrial-equipment/boilers-steam-and-combustion-equipment/boiler-auxiliary-equipment/water-and-steam-accessories/boiler-blowdown-system/index.html"
"Industrial Equipment","Boiler Feedwater System","2306","14","Baseline content depth achieved","industrial-equipment/boilers-steam-and-combustion-equipment/boiler-auxiliary-equipment/water-and-steam-accessories/boiler-feedwater-system/index.html"
"Industrial Equipment","Coal Mills and Pulverizers","2306","14","Baseline content depth achieved","industrial-equipment/boilers-steam-and-combustion-equipment/combustion-equipment/fuel-preparation/coal-mills-and-pulverizers/index.html"
"Industrial Equipment","Headers and Downcomers","2308","14","Baseline content depth achieved","industrial-equipment/boilers-steam-and-combustion-equipment/boiler-pressure-parts/water-and-steam-circuit/headers-and-downcomers/index.html"
"Industrial Equipment","Slat and Pallet Conveyor","2308","14","Baseline content depth achieved","industrial-equipment/conveying-systems/other-conveyors/unit-load-conveying/slat-and-pallet-conveyor/index.html"
"Industrial Equipment","Superheaters and Reheaters","2308","14","Baseline content depth achieved","industrial-equipment/boilers-steam-and-combustion-equipment/boiler-pressure-parts/water-and-steam-circuit/superheaters-and-reheaters/index.html"
"Industrial Equipment","Bottom Ash Handling System","2316","14","Baseline content depth achieved","industrial-equipment/boilers-steam-and-combustion-equipment/boiler-exit-systems/ash-systems/bottom-ash-handling-system/index.html"
"Industrial Equipment","Fly Ash Handling System","2316","14","Baseline content depth achieved","industrial-equipment/boilers-steam-and-combustion-equipment/boiler-exit-systems/ash-systems/fly-ash-handling-system/index.html"
"Industrial Equipment","Inclined and Vertical Screw Conveyor","2316","14","Baseline content depth achieved","industrial-equipment/conveying-systems/screw-conveyors/special-screw-conveyors/inclined-and-vertical-screw-conveyor/index.html"
"Industrial Equipment","Economizer: Function and Components","2318","14","Baseline content depth achieved","industrial-equipment/boilers-steam-and-combustion-equipment/boiler-pressure-parts/heat-recovery/economizer-function-and-components/index.html"
"Industrial Equipment","En-Masse and Redler Conveyor","2321","14","Baseline content depth achieved","industrial-equipment/conveying-systems/chain-and-drag-conveyors/drag-conveyors/en-masse-and-redler-conveyor/index.html"
"Industrial Equipment","Boiler Furnace and Combustion Chamber","2322","14","Baseline content depth achieved","industrial-equipment/boilers-steam-and-combustion-equipment/combustion-equipment/furnace-system/boiler-furnace-and-combustion-chamber/index.html"
"Industrial Equipment","Apron and Pan Conveyor","2323","14","Baseline content depth achieved","industrial-equipment/conveying-systems/chain-and-drag-conveyors/heavy-duty-conveyors/apron-and-pan-conveyor/index.html"
"Industrial Equipment","Shuttle and Reversible Belt Conveyor","2323","14","Baseline content depth achieved","industrial-equipment/conveying-systems/belt-conveyors/special-belt-conveyors/shuttle-and-reversible-belt-conveyor/index.html"
"Industrial Equipment","Sidewall and Cleated Belt Conveyor","2323","14","Baseline content depth achieved","industrial-equipment/conveying-systems/belt-conveyors/special-belt-conveyors/sidewall-and-cleated-belt-conveyor/index.html"
"Industrial Equipment","Gravity and Powered Roller Conveyor","2324","14","Baseline content depth achieved","industrial-equipment/conveying-systems/other-conveyors/unit-load-conveying/gravity-and-powered-roller-conveyor/index.html"
"Industrial Equipment","Burners, Igniters and Flame Scanners","2325","14","Baseline content depth achieved","industrial-equipment/boilers-steam-and-combustion-equipment/combustion-equipment/furnace-system/burners-igniters-and-flame-scanners/index.html"
"Industrial Equipment","Dense Phase Pressure Conveying System","2332","14","Baseline content depth achieved","industrial-equipment/conveying-systems/pneumatic-conveying-systems/dense-phase-conveying/dense-phase-pressure-conveying-system/index.html"
"Industrial Equipment","Dense Phase Vacuum Conveying System","2332","14","Baseline content depth achieved","industrial-equipment/conveying-systems/pneumatic-conveying-systems/dense-phase-conveying/dense-phase-vacuum-conveying-system/index.html"
"Industrial Equipment","Air Preheater: Function and Components","2334","14","Baseline content depth achieved","industrial-equipment/boilers-steam-and-combustion-equipment/boiler-pressure-parts/heat-recovery/air-preheater-function-and-components/index.html"
"Industrial Equipment","Boiler Drum: Function and Components","2337","14","Baseline content depth achieved","industrial-equipment/boilers-steam-and-combustion-equipment/boiler-pressure-parts/water-and-steam-circuit/boiler-drum-function-and-components/index.html"
"Industrial Equipment","Water Walls and Evaporator Tubes","2340","14","Baseline content depth achieved","industrial-equipment/boilers-steam-and-combustion-equipment/boiler-pressure-parts/water-and-steam-circuit/water-walls-and-evaporator-tubes/index.html"
"Industrial Equipment","Fuel Oil and Gas Firing System","2341","14","Baseline content depth achieved","industrial-equipment/boilers-steam-and-combustion-equipment/combustion-equipment/fuel-preparation/fuel-oil-and-gas-firing-system/index.html"
"Industrial Equipment","Wind Box and Air Distribution System","2341","14","Baseline content depth achieved","industrial-equipment/boilers-steam-and-combustion-equipment/combustion-equipment/furnace-system/wind-box-and-air-distribution-system/index.html"
"Industrial Equipment","Boiler Safety Valves and Protection Systems","2351","14","Baseline content depth achieved","industrial-equipment/boilers-steam-and-combustion-equipment/boiler-auxiliary-equipment/cleaning-and-protection/boiler-safety-valves-and-protection-systems/index.html"
"Industrial Equipment","Soot Blowers and Boiler Cleaning Equipment","2351","14","Baseline content depth achieved","industrial-equipment/boilers-steam-and-combustion-equipment/boiler-auxiliary-equipment/cleaning-and-protection/soot-blowers-and-boiler-cleaning-equipment/index.html"
"Industrial Equipment","Flue Gas Ducts and Expansion Joints","2357","14","Baseline content depth achieved","industrial-equipment/boilers-steam-and-combustion-equipment/boiler-exit-systems/flue-gas-path/flue-gas-ducts-and-expansion-joints/index.html"
"Industrial Equipment","Dampers in Boiler and Flue Gas Systems","2367","14","Baseline content depth achieved","industrial-equipment/boilers-steam-and-combustion-equipment/boiler-exit-systems/flue-gas-path/dampers-in-boiler-and-flue-gas-systems/index.html"
"Industrial Processes","Clinker Cooler Performance and Heat Recovery","2472","8","Baseline content depth achieved","industrial-processes/cement-manufacturing-process/pyroprocessing/clinker-cooling/clinker-cooler-performance-and-heat-recovery/index.html"
"Industrial Processes","Rotary Kiln Shell, Tyres and Support Rollers","2481","8","Baseline content depth achieved","industrial-processes/cement-manufacturing-process/pyroprocessing/preheater-and-calciner/rotary-kiln-shell-tyres-and-support-rollers/index.html"
"Industrial Processes","Alternative Fuels in Cement Kilns","2490","8","Baseline content depth achieved","industrial-processes/cement-manufacturing-process/pyroprocessing/preheater-and-calciner/alternative-fuels-in-cement-kilns/index.html"
"Industrial Processes","Cement Grinding Systems: Mill Types and Separator Performance","2499","8","Baseline content depth achieved","industrial-processes/cement-manufacturing-process/cement-finishing/grinding/cement-grinding-systems-mill-types-and-separator-performance/index.html"
"Industrial Processes","Cement Process Quality Control and Laboratory Testing","2503","8","Baseline content depth achieved","industrial-processes/cement-manufacturing-process/cement-finishing/packing/cement-process-quality-control-and-laboratory-testing/index.html"
"Industrial Processes","Cement Kiln Refractories: Selection and Failure Modes","2522","8","Baseline content depth achieved","industrial-processes/cement-manufacturing-process/pyroprocessing/preheater-and-calciner/cement-kiln-refractories-selection-and-failure-modes/index.html"
"Industrial Processes","Cement Process Gas Conditioning and Emission Control","2524","8","Baseline content depth achieved","industrial-processes/cement-manufacturing-process/environmental-systems/material-transfer/cement-process-gas-conditioning-and-emission-control/index.html"
"Industrial Processes","Cement Kiln Heat Balance and Specific Heat Consumption","2556","8","Baseline content depth achieved","industrial-processes/cement-manufacturing-process/pyroprocessing/preheater-and-calciner/cement-kiln-heat-balance-and-specific-heat-consumption/index.html"
"Industrial Processes","Bulk Material Receiving Process","3149","14","Baseline content depth achieved","industrial-processes/bulk-material-handling-processes/receiving-and-storage-truck-wagon-and-ship-unloading-unloading-conveying-and-stockyard-bulk-material-receiving-process/index.html"
"Industrial Processes","Chemical Plant Effluent Treatment Process","3151","14","Baseline content depth achieved","industrial-processes/chemical-and-petrochemical-processes/process-support-systems/effluent-treatment/chemical-plant-effluent-treatment-process/index.html"
"Industrial Processes","Chemical Storage and Transfer Process","3169","14","Baseline content depth achieved","industrial-processes/chemical-and-petrochemical-processes/feed-and-storage-systems/liquid-storage/chemical-storage-and-transfer-process/index.html"
"Industrial Processes","Process Heat Recovery and Heat Exchanger Networks","3186","14","Baseline content depth achieved","industrial-processes/chemical-and-petrochemical-processes/core-process-operations/heat-exchange/process-heat-recovery-and-heat-exchanger-networks/index.html"
"Industrial Processes","Wind Power Generation Process Flow","3348","14","Baseline content depth achieved","industrial-processes/power-generation-processes/renewable-power-processes/wind/wind-power-generation-process-flow/index.html"
"Industrial Processes","Biomass and Waste-to-Energy Power Generation Process","3368","14","Baseline content depth achieved","industrial-processes/power-generation-processes/renewable-power-processes/biomass-and-waste/biomass-and-waste-to-energy-power-generation-process/index.html"
"Industrial Processes","STP Process Flow","3911","14","Baseline content depth achieved","industrial-processes/water-and-wastewater-treatment-processes/stp-sewage-treatment-primary-secondary-and-tertiary-treatment-stp-process-flow/index.html"
"Industrial Processes","Industrial ETP Process","3917","14","Baseline content depth achieved","industrial-processes/water-and-wastewater-treatment-processes/etp-biological-and-physico-chemical-treatment-aeration-clarification-and-sludge-industrial-etp-process/index.html"
"Industrial Processes","Blast Furnace Ironmaking Process","3930","14","Baseline content depth achieved","industrial-processes/steel-manufacturing-process/ironmaking/blast-furnace/blast-furnace-ironmaking-process/index.html"
"Industrial Processes","Cooling Water Process Flow","3930","14","Baseline content depth achieved","industrial-processes/industrial-utility-processes/cooling-water-recirculating-water-system-cooling-tower-pumps-and-exchangers-cooling-water-process-flow/index.html"
"Industrial Processes","Sinter Plant Process Flow","3933","14","Baseline content depth achieved","industrial-processes/steel-manufacturing-process/ironmaking/raw-material-preparation/sinter-plant-process-flow/index.html"
"Industrial Processes","Continuous Casting Process","3934","14","Baseline content depth achieved","industrial-processes/steel-manufacturing-process/casting-and-rolling/continuous-casting/continuous-casting-process/index.html"
"Industrial Processes","Compressed Air Process Flow","3942","14","Baseline content depth achieved","industrial-processes/industrial-utility-processes/compressed-air-air-generation-and-distribution-compression-drying-and-headers-compressed-air-process-flow/index.html"
"Industrial Processes","Silo Discharge Process","3943","14","Baseline content depth achieved","industrial-processes/bulk-material-handling-processes/silo-and-hopper-discharge-controlled-feeding-extraction-flow-control-and-conveying-silo-discharge-process/index.html"
"Industrial Processes","Hot Rolling Mill Process","3944","14","Baseline content depth achieved","industrial-processes/steel-manufacturing-process/casting-and-rolling/rolling/hot-rolling-mill-process/index.html"
"Industrial Processes","Industrial Fuel Supply Process","3945","14","Baseline content depth achieved","industrial-processes/industrial-utility-processes/fuel-systems-fuel-oil-and-gas-systems-storage-conditioning-and-firing-industrial-fuel-supply-process/index.html"
"Industrial Processes","Basic Oxygen Furnace Steelmaking Process","3948","14","Baseline content depth achieved","industrial-processes/steel-manufacturing-process/steelmaking/basic-oxygen-furnace/basic-oxygen-furnace-steelmaking-process/index.html"
"Industrial Processes","Crushing and Screening Process","3948","14","Baseline content depth achieved","industrial-processes/bulk-material-handling-processes/crushing-and-screening-size-reduction-crushing-screening-and-conveying-crushing-and-screening-process/index.html"
"Industrial Processes","Electric Arc Furnace Steelmaking Process","3948","14","Baseline content depth achieved","industrial-processes/steel-manufacturing-process/steelmaking/electric-arc-furnace/electric-arc-furnace-steelmaking-process/index.html"
"Industrial Processes","Raw Water Treatment Process","3948","14","Baseline content depth achieved","industrial-processes/water-and-wastewater-treatment-processes/raw-water-treatment-clarification-and-filtration-coagulation-flocculation-and-settling-raw-water-treatment-process/index.html"
"Industrial Processes","Ash Handling Process Flow","3949","14","Baseline content depth achieved","industrial-processes/bulk-material-handling-processes/ash-handling-dry-and-wet-ash-systems-collection-conveying-and-storage-ash-handling-process-flow/index.html"
"Industrial Processes","Distillation Column Process Flow","3949","14","Baseline content depth achieved","industrial-processes/chemical-and-petrochemical-processes/core-process-operations/distillation/distillation-column-process-flow/index.html"
"Industrial Processes","Chemical Reactor Process Fundamentals","3952","14","Baseline content depth achieved","industrial-processes/chemical-and-petrochemical-processes/core-process-operations/reaction-systems/chemical-reactor-process-fundamentals/index.html"
"Industrial Processes","Industrial Steam and Condensate Process","3958","14","Baseline content depth achieved","industrial-processes/industrial-utility-processes/steam-systems-steam-distribution-and-condensate-return-traps-headers-and-recovery-industrial-steam-and-condensate-process/index.html"
"Industrial Processes","Steel Plant Gas Cleaning Process","3973","14","Baseline content depth achieved","industrial-processes/steel-manufacturing-process/environmental-and-utility-systems/gas-cleaning/steel-plant-gas-cleaning-process/index.html"
"Industrial Processes","Water Recirculation Process in Steel Plants","3976","14","Baseline content depth achieved","industrial-processes/steel-manufacturing-process/environmental-and-utility-systems/water-systems/water-recirculation-process-in-steel-plants/index.html"
"Industrial Processes","Reverse Osmosis and DM Water Process","3980","14","Baseline content depth achieved","industrial-processes/water-and-wastewater-treatment-processes/ro-and-dm-water-membrane-treatment-ro-stages-and-regeneration-reverse-osmosis-and-dm-water-process/index.html"
"Industrial Processes","Relief, Flare and Blowdown Process Fundamentals","3984","14","Baseline content depth achieved","industrial-processes/chemical-and-petrochemical-processes/process-support-systems/relief-and-flare/relief-flare-and-blowdown-process-fundamentals/index.html"
"Industrial Processes","Industrial Gas Handling and Compression Process","3990","14","Baseline content depth achieved","industrial-processes/chemical-and-petrochemical-processes/feed-and-storage-systems/gas-handling/industrial-gas-handling-and-compression-process/index.html"
"Industrial Processes","Wet FGD Process Flow","4101","14","Baseline content depth achieved","industrial-processes/air-pollution-control-processes/fgd-systems-wet-fgd-absorption-oxidation-and-gypsum-handling-wet-fgd-process-flow/index.html"
"Industrial Processes","Bag Filter Process in Cement Plants","4110","14","Baseline content depth achieved","industrial-processes/cement-manufacturing-process/environmental-systems/dust-collection/bag-filter-process-in-cement-plants/index.html"
"Industrial Processes","ESP Dust Collection Process","4117","14","Baseline content depth achieved","industrial-processes/air-pollution-control-processes/esp-systems-electrostatic-collection-charging-collection-and-rapping-esp-dust-collection-process/index.html"
"Industrial Processes","Cement Mill and Separator Process","4130","14","Baseline content depth achieved","industrial-processes/cement-manufacturing-process/cement-finishing/grinding/cement-mill-and-separator-process/index.html"
"Industrial Processes","Cement Packing and Dispatch Process","4130","14","Baseline content depth achieved","industrial-processes/cement-manufacturing-process/cement-finishing/packing/cement-packing-and-dispatch-process/index.html"
"Industrial Processes","Boiler Steam Generation Process","4137","14","Baseline content depth achieved","industrial-processes/power-generation-processes/coal-fired-thermal-power-plant/steam-water-cycle/boiler-steam-generation-process/index.html"
"Industrial Processes","Clinker Cooler and Clinker Handling Process","4139","14","Baseline content depth achieved","industrial-processes/cement-manufacturing-process/pyroprocessing/clinker-cooling/clinker-cooler-and-clinker-handling-process/index.html"
"Industrial Processes","Limestone Crushing and Conveying Process","4144","14","Baseline content depth achieved","industrial-processes/cement-manufacturing-process/raw-material-handling/limestone-handling/limestone-crushing-and-conveying-process/index.html"
"Industrial Processes","Bottom Ash Handling Process","4146","14","Baseline content depth achieved","industrial-processes/power-generation-processes/coal-fired-thermal-power-plant/ash-management/bottom-ash-handling-process/index.html"
"Industrial Processes","Fly Ash Handling Process","4146","14","Baseline content depth achieved","industrial-processes/power-generation-processes/coal-fired-thermal-power-plant/ash-management/fly-ash-handling-process/index.html"
"Industrial Processes","Gas Turbine Power Generation Process","4146","14","Baseline content depth achieved","industrial-processes/power-generation-processes/combined-cycle-power-plant/gas-turbine-cycle/gas-turbine-power-generation-process/index.html"
"Industrial Processes","Dust Control at Cement Transfer Points","4148","14","Baseline content depth achieved","industrial-processes/cement-manufacturing-process/environmental-systems/material-transfer/dust-control-at-cement-transfer-points/index.html"
"Industrial Processes","Combined-Cycle Power Plant Process Flow","4149","14","Baseline content depth achieved","industrial-processes/power-generation-processes/combined-cycle-power-plant/hrsg-and-steam-cycle/combined-cycle-power-plant-process-flow/index.html"
"Industrial Processes","Preheater, Calciner and Rotary Kiln Process","4149","14","Baseline content depth achieved","industrial-processes/cement-manufacturing-process/pyroprocessing/preheater-and-calciner/preheater-calciner-and-rotary-kiln-process/index.html"
"Industrial Processes","SCR and SNCR Process Flow","4149","14","Baseline content depth achieved","industrial-processes/air-pollution-control-processes/denox-systems-scr-and-sncr-reagent-injection-and-reaction-scr-and-sncr-process-flow/index.html"
"Industrial Processes","Bag Filter Dust Collection Process","4150","14","Baseline content depth achieved","industrial-processes/air-pollution-control-processes/dust-collection-baghouse-systems-capture-filtration-and-discharge-bag-filter-dust-collection-process/index.html"
"Industrial Processes","Steam Turbine and Condenser Process","4151","14","Baseline content depth achieved","industrial-processes/power-generation-processes/coal-fired-thermal-power-plant/steam-water-cycle/steam-turbine-and-condenser-process/index.html"
"Industrial Processes","DM Water Process for Power Plants","4165","14","Baseline content depth achieved","industrial-processes/power-generation-processes/power-plant-utilities/water-treatment/dm-water-process-for-power-plants/index.html"
"Industrial Processes","Solar Photovoltaic Power Plant Process Flow","4172","14","Baseline content depth achieved","industrial-processes/power-generation-processes/renewable-power-processes/solar-pv/solar-photovoltaic-power-plant-process-flow/index.html"
"Industrial Processes","Raw Mill and Raw Meal Blending Process","4173","14","Baseline content depth achieved","industrial-processes/cement-manufacturing-process/raw-material-handling/raw-meal-preparation/raw-mill-and-raw-meal-blending-process/index.html"
"Industrial Processes","FGD Process in Thermal Power Plants","4177","14","Baseline content depth achieved","industrial-processes/power-generation-processes/coal-fired-thermal-power-plant/flue-gas-cleaning/fgd-process-in-thermal-power-plants/index.html"
"Industrial Processes","Cooling Water Cycle in Thermal Power Plants","4178","14","Baseline content depth achieved","industrial-processes/power-generation-processes/power-plant-utilities/cooling-water/cooling-water-cycle-in-thermal-power-plants/index.html"
"Industrial Processes","DeNOx Process in Thermal Power Plants","4178","14","Baseline content depth achieved","industrial-processes/power-generation-processes/coal-fired-thermal-power-plant/flue-gas-cleaning/denox-process-in-thermal-power-plants/index.html"
"Industrial Processes","ESP Process in Thermal Power Plants","4181","14","Baseline content depth achieved","industrial-processes/power-generation-processes/coal-fired-thermal-power-plant/flue-gas-cleaning/esp-process-in-thermal-power-plants/index.html"
"Industrial Processes","Coal Handling Process in Thermal Power Plants","4194","14","Baseline content depth achieved","industrial-processes/power-generation-processes/coal-fired-thermal-power-plant/fuel-and-combustion-process/coal-handling-process-in-thermal-power-plants/index.html"
"Industrial Processes","Coal Milling and Pulverized Fuel Firing Process","4194","14","Baseline content depth achieved","industrial-processes/power-generation-processes/coal-fired-thermal-power-plant/fuel-and-combustion-process/coal-milling-and-pulverized-fuel-firing-process/index.html"